MONCEF ISLEM,منصف إسلام
MELISSA, ميليسا
CHAHD,شهد
RIHAM,رهام
CERINE YASMINE,سيرين ياسمين
ABDELBASSET,عبد الباسط
NOUR SABRINA,نور سبرينا
MOHAMED RAMZI,محمد رمزي
NADJI YAHIA,ناجي يحيى
RAIDA CHIRAZ,رائدة شيراز
ABES,عابس
HAITHEM ABDELMOUNAIM,هيثم عبد المنعم
ABD ELMOUIZ,عبد المعز
DIAA EL RAHMANE,ضياء الرحمن
MERIEM DJAMILA,مريم جميلة
CHIRAZ LINA,شيراز لينا
LOUNÈS,لونيس
CHAHINEZ AMINA,شاهيناز أمينة
NAIL MOHAMED BADIE EDDIN,نائل محمد بديع الدين
YAMINA DALEL,يمينة دلال
ABDESSALEM RAMI,عبد السلام رامي
SARRA HOURIA,سارة حورية
ZOHAIR,زهير
ANNIS,أنيس
KATIA LYDIA,كاتيا ليديا 
MOHAMED NADJI,محمد ناجي
REFKA,رفقة
FATIMA ANAIS,فاطمة أناييس 
KENZA MELISSA,كنزة ميليسا 
MALIK DJAMIL,مالك جميل
MAROUA AMIRA,مروى أميرة
ROBI,روبي 
ANES LAHCENE,أنس لحسن
AYMEN ZINEDDINE,أيمن زين الدين
HAFIDA AYA,حفيظة آية
LMOHAMED MAHMOUD,المحمد محمود 
HACENE ZAIDI,حسين زايدي
OUSSAMA ABDALLAH,أسامة عبد الله
ABDERRAZEK CHAKIB,عبد الرازق شاكب
HAITHEM AYOUB,هيثم أيوب
MEHDIA,مهدية
AMIRA NADA,أميرة ندى
CHAIMA LYNA,شيماء لينا
RAYHENE ZOULIKHA,ريحان زوليخة
SAMAH LIDIA,سماح ليديا
NILIA SERINE,نيليا سيرين
MAROUA NIBAL,مروى نبال
ANES KHEIR EDDINE,أنيس خير الدين
MOUAD YASSER,معاذ ياسر
AMIRA RANIA,أميرة رانيا
BELLAHCENE LIDIA,بلاحسن ليديا
ABDELKADER ILYES,عبد القادر إلياس
SAMY REDA,سامي رضا
HIDAYAT EL RAHMANE,هداية الرحمن
TENHINANE,تنهينان
MOUNCEF,منصف
MOHAND TAHAR,محند الطاهر
KHOKHA,خوخة
AMIRA ZINA,أميرة زينة
DJILALI FAWZI,جلالي فوزي
TEMHINANE,تمهينان
CHAIMAA NOUHA,شيماء نوها
HIBATARRAHMENE,هبة الرحمن
MOHAMMED RAZEEN,محمد رزين
MOHAMED MONSEF,محمد منصف
YAHIA HABIB ERRAHMENE,يحيى حبيب الرحمن
SAMAH MARIA,سماح ماريا
SIHEM SADJIA,سهام ساجية
CHRIF,شريف
KAWTHER DJIHANE,كوثر جيهان
SINOUFANE,سينوفان
KHATHIR,خاطر
AHLEM BEHAIDJA,أحلام بهيجة
HADJER MOFIDA,هاجر مفيدة
OUIAME SOUMAYA,وئام سمية
FAROUK KHELIFA,فاروق خليفة
NASSIBA SENDOUSSE,نصيبة سندس
DHOUHA YOUSRA,ضحى يسرى
MANAR KHADIDJA,منار خديجة
MOHAMED JADE,محمد جاد
MHAMED,محمد
BAKHOUCHE,بخوش
HAROUN,هارون
DOUNIA, دنيا
NESRINE AMINA,نسرين أمينة
NOUR EDDINE,نور الدين
BOUBAKER,بوبكر
ABDERAOUF WASSIM,عبد الرؤوف وسيم
HADIL OUISSAL,هديل وصال
DYNA BAHIA,دينا بهية
ZINEEDDIN,زين الدين
IHAB,إيهاب
ZOUHIR,زهير
MOHAMED SALEM,محمد سالم
ABDERAHMAN,عبد الرحمن
ELGHALIA,الغالية
MOUTAA,معتى
HOCINE ABDELJALIL,حسين عبد الجليل
AMINA CHAIMAA,أمينة شيماء
SOUHA YASMINE,سهى ياسمين
